Customer Name,Email Address,Mobile Number,Location
Tejaswini Verma,tejaswini.verma124@example.com,9653121679,Chennai
Asha Sharma,asha.sharma119@example.com,,Chennai
Priya Mishra,priya.mishra146@example.com,7146494854,Delhi
Rahul Desai,rahul.desai772@example.com,7217367933,Chennai
Aditya Gupta,,9905601568,Bengaluru
Rajesh Bhat,rajesh.bhat324@example.com,6191811761,Bengaluru
Kavya Patel,kavya.patel149@example.com,9502900012,Pune
,karthik.patel862@example.com,8664980386,Mumbai
Abhishek Naidu,abhishek.naidu269@example.com,9350068561,Hyderabad
Varun Mehta,varun.mehta259@example.com,6332166707,
Rahul Das,rahul.das367@example.com,8832422638,Mumbai
Naveen Reddy,naveen.reddy213@example.com,6121658645,Pune
Ishita Kapoor,,12345,Chennai
Keerthi Naidu,keerthi.naidu812@example.com,7619749090,Hyderabad
RAKESH NAIR,rakesh.nair254@example.com,8065609804,Mumbai
Aditya Choudhary,aditya.choudhary2@example.com,8022892610,Chennai
Rakesh Desai,rakesh.desai369@example.com,8430624226,Delhi
Asha Rao,asha.rao421@example.com,6210924806,Chennai
Karthik Varma,karthik.varma152@example.com,7063324000,Mumbai
Bhavana Patel,bhavana.patel453@example.com,6030858406,
Prakash Sharma,,9937531676,Bengaluru
Deepika Kulkarni,deepika.kulkarni306@example.com,9295082171,
ishita naidu,wrong-email,7918948143,Chennai
Keerthi Verma,keerthi.verma440@example.com,abcdefghij,Delhi
Karthik Nair,karthik.nair27@example.com,6553488670,Hyderabad
David Desai,david.desai485@example.com,8780564558,Hyderabad
Amit Joshi,amit.joshi102@example.com,6416571244,Mumbai
Karthik Rao,karthik.rao800@example.com,7359321727,Bengaluru
Nandini Reddy,nandini.reddy924@example.com,8244014641,Bengaluru
Harish Rao,harish.rao104@example.com,8034587679,Hyderabad
Arjun Das,arjun.das368@example.com,8846039165,Delhi
Swathi Rao,swathi.rao742@example.com,9823806375,Pune
David Nair,david.nair240@example.com,8827021210,Pune
Pooja Iyer,pooja.iyer263@example.com,6500600865,Hyderabad
Karthik Sharma,karthik.sharma244@example.com,6274624311,Bengaluru
Rahul Varma,rahul.varma423@example.com,7808235299,Bengaluru
Sowmya Reddy,sowmya.reddy93@example.com,8489231326,Mumbai
Amit Nair,amit.nair910@example.com,9263373894,Mumbai
Ishita Bhat,ishita.bhat947,9084886921,Delhi
Keerthi Gupta,keerthi.gupta954@example.com,6531341139,Chennai
ROHIT SHARMA,rohit.sharma337@example.com,8081937202,Pune
David Mishra,david.mishra393@example.com,8644219175,Chennai
Vikram Naidu,vikram.naidu499@example.com,7576882168,Mumbai
Kavya Kapoor,kavya.kapoor915@example.com,7630147708,New Delhi
Neha Das,neha.das304@example.com,7757619022,Pune
Rajesh Singh,rajesh.singh598@example.com,6368296787,Chennai
Lavanya Rao,lavanya.rao927@example.com,6424590207,Mumbai
Manoj Das,manoj.das57@example.com,7713127765,Mumbai
Sowmya Mishra,sowmya.mishra922@example.com,6749371269,Bengaluru
Divya Singh,divya.singh133@example.com,7215803185,Hyderabad
Kavya Choudhary,kavya.choudhary747@example.com,6136137140,Chennai
David Reddy,david.reddy696@example.com,9964789160,Delhi
Divya Das,divya.das284@example.com,6172632572,Hyderabad
Varun Mishra,varun.mishra340@example.com,6044450685,Delhi
Ganesh Patel,ganesh.patel163@example.com,,Mumbai
MEENA PATEL,meena.patel83@example.com,9490517488,Mumbai
Neha Saxena,neha.saxena593@example.com,6666537204,Pune
Harish Iyer,harish.iyer251@example.com,8630017052,Chennai
Rohit Bhat,,6836385094,Mumbai
lavanya singh,lavanya.singh326@example.com,7511327717,Bengaluru
Abhishek Desai,abhishek.desai94@example.com,7709594711,Bengaluru
Tejaswini Agarwal,tejaswini.agarwal199@example.com,7942283211,Hyderabad
Madhavi Iyer,madhavi.iyer443,6462725062,Bengaluru
Divya Kumar,divya.kumar200@example.com,8375076229,Chennai
Asha Agarwal,asha.agarwal579@example.com,7750199354,Hyderabad
Rohit Mishra,rohit.mishra523@example.com,,Chennai
Divya Sharma,divya.sharma252@example.com,abcdefghij,Bengaluru
Lavanya Varma,wrong-email,9036515284,Mumbai
Sneha Gupta,sneha.gupta955@example.com,8853914753,Bengaluru
Harish Nair,harish.nair184@example.com,9944094672,Delhi
Sneha Desai,sneha.desai806@example.com,9377707127,Bengaluru
Sowmya Varma,sowmya.varma950@example.com,8529589922,Delhi
Pooja Singh,pooja.singh967@example.com,7702281688,Bengaluru
Anita Kumar,anita.kumar831,8582064413,Chennai
Kavya Saxena,kavya.saxena816,8451506093,Bengaluru
Prakash Das,prakash.das212@example.com,7163144540,pune
harish joshi,harish.joshi807@example.com,abcdefghij,Hyderabad
Deepika Kapoor,deepika.kapoor697@example.com,8897580604,Delhi
Asha Varma,asha.varma311@example.com,8398069241,Hyderabad
Anita Saxena,anita.saxena371@example.com,7767012123,Delhi
Bhavana Menon,bhavana.menon990@example.com,9240054195,Bengaluru
Tejaswini Joshi,tejaswini.joshi361@example.com,8881687464,Bengaluru
Abhishek Joshi,abhishek.joshi751@example.com,8704246937,Pune
Manoj Agarwal,manoj.agarwal814@example.com,7260162500,Mumbai
Neha Mishra,neha.mishra275@example.com,8592583178,Delhi
Priya Agarwal,priya.agarwal491@example.com,7374161149,Mumbai
Neha Patel,neha.patel173@example.com,6785242729,Hyderabad
Rajesh Kapoor,rajesh.kapoor92@example.com,6627299917,Delhi
Tejaswini Rao,tejaswini.rao459@example.com,7260323154,Bengaluru
Naveen Das,,7836557102,Hyderabad
Rahul Agarwal,rahul.agarwal679@example.com,8829950933,Mumbai
rakesh verma,rakesh.verma243@example.com,7405935145,HYD
Sneha Mehta,sneha.mehta373@example.com,7777022543,Bengaluru
Karthik Choudhary,karthik.choudhary759,12345,Pune
Lavanya Pillai,lavanya.pillai174@example.com,6355933012,Chennai
Naveen Verma,naveen.verma16@example.com,6348100384,Delhi
Meena Rao,meena.rao798@example.com,6904016089,Mumbai
Amit Reddy,amit.reddy890@example.com,6027543552,Delhi
Kavya Sharma,kavya.sharma891@example.com,9431169089,Chennai
Abhishek Iyer,abhishek.iyer350@example.com,9035170923,Pune
Arjun Gupta,arjun.gupta670@example.com,6768322511,Pune
Tejaswini Kulkarni,tejaswini.kulkarni247@example.com,6482486671,Pune
Swathi Kapoor,swathi.kapoor628@example.com,9062297125,HYD
David Saxena,david.saxena902@example.com,9481463576,Delhi
Meena Menon,meena.menon844@example.com,9282610161,Mumbai
Ganesh Rao,ganesh.rao568@example.com,6969801050,Chennai
Lakshmi Patel,lakshmi.patel728@example.com,9592413852,Delhi
Harish Reddy,harish.reddy913@example.com,6281321134,Chennai
Anita Pillai,anita.pillai626@example.com,9450034471,Hyderabad
Asha Das,asha.das17@example.com,6437941882,Chennai
Neha Varma,wrong-email,12345,Hyderabad
Swathi Menon,swathi.menon165@example.com,7874033487,Chennai
Madhavi Pillai,madhavi.pillai979@example.com,8602101057,Hyderabad
Suresh Naidu,suresh.naidu779@example.com,6950772974,Hyderabad
Lavanya Sharma,lavanya.sharma160@example.com,6088246429,Delhi
aditya verma,aditya.verma357@example.com,7720738444,Delhi
Ganesh Iyer,wrong-email,9846096456,
Karthik Singh,karthik.singh496@example.com,6347933156,Bengaluru
Naveen Rao,naveen.rao880@example.com,8455285957,Pune
Vikram Varma,vikram.varma989@example.com,9585764745,Bengaluru
Aditya Bhat,aditya.bhat821@example.com,8529855685,Bengaluru
Arjun Verma,arjun.verma651@example.com,8485231797,Pune
Neha Iyer,neha.iyer1@example.com,7883049283,Chennai
Kiran Joshi,kiran.joshi416@example.com,7427103180,Mumbai
KARTHIK DAS,karthik.das674@example.com,7517751021,Delhi
vikram pillai,,9779149851,Hyderabad
Vikram Das,vikram.das928@example.com,7382647690,Hyderabad
Ishita Kulkarni,ishita.kulkarni809@example.com,9128276636,Pune
Ishita Reddy,ishita.reddy612,7289001284,
Ganesh Das,ganesh.das397@example.com,9742794426,Mumbai
Lavanya Desai,lavanya.desai709@example.com,8580107241,Mumbai
Aditya Patel,aditya.patel884@example.com,7973943239,Mumbai
Meena Joshi,meena.joshi430@example.com,7203227249,Pune
Aditya Pillai,aditya.pillai887@example.com,6286876881,Delhi
Swathi Bhat,swathi.bhat299@example.com,8753752337,Hyderabad
Keerthi Mishra,keerthi.mishra75,9628209494,Hyderabad
Rohit Agarwal,rohit.agarwal906@example.com,6670040969,Mumbai
Arjun Nair,arjun.nair916@example.com,7620628503,Delhi
Suresh Iyer,suresh.iyer983@example.com,12345,Pune
Ramesh Naidu,ramesh.naidu502@example.com,,Hyderabad
GANESH MEHTA,ganesh.mehta234@example.com,8183270218,Mumbai
Suresh Das,suresh.das561@example.com,,
Sanjay Pillai,sanjay.pillai390@example.com,9236659446,Hyderabad
Kiran Patel,kiran.patel896@example.com,7901304314,Pune
Shalini Desai,shalini.desai429@example.com,9342583623,Hyderabad
Varun Choudhary,varun.choudhary721@example.com,8762609106,Chennai
Sneha Pillai,sneha.pillai893@example.com,6157596255,Bengaluru
Prakash Kapoor,prakash.kapoor608@example.com,6924804775,Hyderabad
Sanjay Iyer,sanjay.iyer855@example.com,6853045364,HYD
Manoj Kulkarni,manoj.kulkarni943@example.com,9388252702,Mumbai
Madhavi Patel,madhavi.patel411,9705944615,Mumbai
Srinivas Reddy,srinivas.reddy877@example.com,8813437849,Bengaluru
Karthik Bhat,karthik.bhat881@example.com,7982747041,Mumbai
lakshmi mehta,lakshmi.mehta588@example.com,9504992529,Bengaluru
Abhishek Reddy,abhishek.reddy683@example.com,8568347473,Delhi
Bhavana Agarwal,,7112869947,Bengaluru
Harish Varma,harish.varma19@example.com,9275730941,Mumbai
Aditya Mishra,,6213577547,Mumbai
Varun Kapoor,varun.kapoor276@example.com,6171550813,Bengaluru
Rajesh Varma,rajesh.varma717@example.com,9425216358,BOMBAY
swathi nair,swathi.nair412@example.com,8995545321,Chennai
Kiran Desai,kiran.desai43@example.com,9166776878,chennai
Ramesh Gupta,ramesh.gupta997@example.com,6328203744,Delhi
Bhavana Varma,bhavana.varma7@example.com,9987106429,Pune
Rajesh Das,rajesh.das934@example.com,7209198767,Mumbai
Amit Singh,amit.singh233@example.com,6032211707,Bengaluru
Vijay Naidu,vijay.naidu198@example.com,8388692180,Mumbai
Deepika Mishra,,8274544722,Delhi
Rajesh Kumar,rajesh.kumar142@example.com,,Bengaluru
Sneha Saxena,sneha.saxena1000@example.com,8093299330,Bengaluru
Priya Kulkarni,priya.kulkarni555@example.com,6219361851,Mumbai
,shalini.das858@example.com,8458705581,Chennai
Madhavi Desai,madhavi.desai237@example.com,8320820041,Hyderabad
sowmya kapoor,sowmya.kapoor999@example.com,7649429040,Bengaluru
David Gupta,david.gupta469@example.com,,Delhi
Shalini Gupta,shalini.gupta291@example.com,7948212958,Delhi
rajesh saxena,rajesh.saxena40@example.com,8354054754,Chennai
Rahul Choudhary,rahul.choudhary441@example.com,8099806501,hyderabad
Vijay Menon,vijay.menon380@example.com,9367079744,Chennai
SOWMYA AGARWAL,sowmya.agarwal622@example.com,12345,Hyderabad
GANESH VERMA,ganesh.verma840@example.com,6691832550,Bengaluru
Lavanya Kulkarni,lavanya.kulkarni850@example.com,7030040699,Mumbai
,prakash.kulkarni204@example.com,7617822428,Chennai
Amit Kulkarni,amit.kulkarni895@example.com,8521300148,Pune
Suresh Saxena,suresh.saxena282@example.com,7948927527,Pune
Prakash Menon,prakash.menon6@example.com,6794372634,Mumbai
Keerthi Reddy,keerthi.reddy359@example.com,8143556378,Chennai
Shalini Mehta,shalini.mehta30@example.com,9090261911,Bengaluru
Karthik Mishra,karthik.mishra175@example.com,7871714787,Chennai
Arjun Rao,arjun.rao554@example.com,8061363434,Delhi
Kavya Iyer,kavya.iyer613@example.com,8051679219,Pune
Priya Singh,priya.singh381@example.com,7666715550,delhi
Divya Bhat,divya.bhat109@example.com,8170715198,Bengaluru
Arjun Kumar,arjun.kumar339@example.com,9675185391,Pune
Srinivas Nair,srinivas.nair52@example.com,8247215956,Pune
Karthik Menon,karthik.menon811@example.com,,Bengaluru
NAVEEN KAPOOR,naveen.kapoor813@example.com,6348351579,Pune
Kavya Reddy,wrong-email,8340972449,Chennai
Sowmya Patel,sowmya.patel876@example.com,8949049814,Hyderabad
Tejaswini Varma,tejaswini.varma863@example.com,8824382200,BLR
Nandini Kulkarni,nandini.kulkarni180@example.com,9178186913,Pune
Bhavana Nair,bhavana.nair520,9828839120,Hyderabad
Srinivas Gupta,srinivas.gupta285@example.com,8554916058,Hyderabad
Rajesh Pillai,rajesh.pillai467@example.com,6587794394,Hyderabad
Tejaswini Pillai,tejaswini.pillai122@example.com,6686796032,
Manoj Gupta,manoj.gupta442@example.com,7371290234,Hyderabad
Deepika Nair,deepika.nair188@example.com,12345,Mumbai
Kavya Mehta,kavya.mehta114@example.com,8452348793,Bengaluru
Manoj Iyer,manoj.iyer771@example.com,7571918368,Delhi
Vijay Bhat,vijay.bhat405@example.com,7508426725,Chennai
Varun Iyer,varun.iyer632@example.com,9446335394,HYD
MADHAVI REDDY,madhavi.reddy128@example.com,8735232461,Chennai
Ramesh Sharma,,6229696894,Chennai
suresh choudhary,suresh.choudhary415@example.com,6476413715,Pune
Keerthi Agarwal,keerthi.agarwal486@example.com,8312810005,Delhi
Sowmya Menon,sowmya.menon89@example.com,9134813832,Hyderabad
Neha Joshi,,6842056793,Bengaluru
Lavanya Iyer,lavanya.iyer639@example.com,8035860175,Delhi
Manoj Nair,,7964726999,Mumbai
ARJUN BHAT,arjun.bhat605@example.com,9252951570,Pune
Rakesh Varma,rakesh.varma640@example.com,8206979953,Bengaluru
Rohit Desai,rohit.desai63@example.com,6742546322,Pune
Divya Agarwal,divya.agarwal274@example.com,8457465657,Chennai
Vijay Gupta,vijay.gupta627@example.com,9442405453,Chennai
Abhishek Sharma,abhishek.sharma648@example.com,6575659548,Chennai
Sowmya Naidu,sowmya.naidu783@example.com,12345,Chennai
Sanjay Joshi,sanjay.joshi526@example.com,8311471574,Chennai
HARISH SHARMA,harish.sharma604@example.com,6488659672,Hyderabad
Lakshmi Naidu,lakshmi.naidu599@example.com,7975337558,Hyderabad
Naveen Desai,,9722165281,Pune
Vikram Mishra,vikram.mishra147@example.com,6763091348,Delhi
Srinivas Kumar,srinivas.kumar221@example.com,8166303264,Chennai
Amit Choudhary,amit.choudhary475@example.com,7312863561,Bengaluru
Anita Verma,anita.verma682@example.com,8076470926,Chennai
Manoj Choudhary,manoj.choudhary970@example.com,9295514092,Mumbai
Tejaswini Mishra,tejaswini.mishra106@example.com,8384195779,Mumbai
Kavya Nair,kavya.nair388@example.com,6773823895,Mumbai
Varun Patel,varun.patel500@example.com,9020778422,PUNE
kavya joshi,kavya.joshi920@example.com,7367058499,Bengaluru
Varun Reddy,varun.reddy45@example.com,8412439225,Chennai
Rohit Das,rohit.das168@example.com,6735417838,Chennai
Naveen Mehta,naveen.mehta432@example.com,9348627165,Bengaluru
RAMESH SAXENA,ramesh.saxena988@example.com,7390105290,Hyderabad
Sneha Patel,sneha.patel901@example.com,8235804889,Hyderabad
Asha Saxena,asha.saxena723@example.com,6390108955,Chennai
Sneha Mishra,sneha.mishra874,6777334640,Bengaluru
Ramesh Rao,ramesh.rao773@example.com,8038666273,Pune
Harish Saxena,wrong-email,9530595250,Pune
Vikram Kulkarni,vikram.kulkarni129@example.com,8040114697,Hyderabad
Rakesh Menon,rakesh.menon867@example.com,9004742389,Chennai
Rohit Gupta,rohit.gupta492@example.com,6173000282,Pune
Bhavana Das,bhavana.das227@example.com,6877567513,Bengaluru
Tejaswini Patel,tejaswini.patel3@example.com,9205907930,Pune
David Joshi,david.joshi31@example.com,8735060691,Bengaluru
,manoj.mehta574@example.com,8288663935,Bengaluru
Bhavana Joshi,bhavana.joshi51@example.com,7713433502,Hyderabad
Lavanya Mehta,lavanya.mehta864@example.com,8514978034,Chennai
Tejaswini Singh,tejaswini.singh478@example.com,8521900178,Bengaluru
Tejaswini Naidu,tejaswini.naidu314@example.com,7007008475,Mumbai
Meena Mehta,meena.mehta562@example.com,12345,Chennai
David Menon,david.menon944@example.com,9314681222,Mumbai
Manoj Reddy,manoj.reddy505@example.com,6791409288,Mumbai
Kiran Pillai,kiran.pillai552,8239018904,Mumbai
Rohit Kulkarni,rohit.kulkarni409@example.com,7337438178,Delhi
Asha Kapoor,asha.kapoor706@example.com,9813284821,Delhi
Ramesh Patel,ramesh.patel103@example.com,7523089021,Chennai
Suresh Agarwal,suresh.agarwal976@example.com,9014963243,Mumbai
Rohit Menon,rohit.menon879@example.com,9726245090,Delhi
Sneha Joshi,sneha.joshi824@example.com,9159989062,Pune
Sowmya Rao,sowmya.rao908@example.com,7746989979,Mumbai
Ishita Singh,ishita.singh473@example.com,9227372691,Delhi
Ganesh Choudhary,ganesh.choudhary219@example.com,8942382879,Bengaluru
Kavya Varma,kavya.varma819@example.com,7015772646,Pune
Nandini Varma,nandini.varma72@example.com,9026288132,New Delhi
Lakshmi Joshi,lakshmi.joshi399@example.com,7020156229,Pune
Madhavi Kapoor,madhavi.kapoor61@example.com,8656182130,Delhi
Priya Bhat,priya.bhat355@example.com,6248115126,Mumbai
David Naidu,david.naidu676@example.com,12345,Chennai
Sanjay Rao,sanjay.rao508@example.com,6983498817,Mumbai
Lakshmi Kapoor,,8542745608,Bengaluru
Srinivas Desai,srinivas.desai207@example.com,7234521308,Delhi
Ishita Iyer,ishita.iyer115@example.com,6049592814,Mumbai
Prakash Reddy,prakash.reddy77@example.com,9261582598,Hyderabad
Tejaswini Kapoor,tejaswini.kapoor338@example.com,8357172928,Delhi
Amit Varma,amit.varma729@example.com,8848839098,Pune
Ishita Sharma,ishita.sharma84@example.com,9424623997,Mumbai
Srinivas Rao,srinivas.rao931@example.com,8824809826,Mumbai
Ganesh Desai,ganesh.desai452@example.com,8721918844,BOMBAY
Manoj Desai,manoj.desai187@example.com,7502486458,Delhi
Rakesh Reddy,rakesh.reddy264@example.com,9622707809,Delhi
Rahul Joshi,rahul.joshi921@example.com,6157929549,hyderabad
Pooja Naidu,pooja.naidu818@example.com,7881108237,Delhi
Priya Kapoor,priya.kapoor681@example.com,7818220736,Hyderabad
Priya Saxena,priya.saxena318@example.com,8388419928,Bengaluru
Varun Nair,varun.nair511@example.com,6750137004,Delhi
Lakshmi Sharma,lakshmi.sharma714@example.com,7938404295,Pune
Shalini Menon,shalini.menon280@example.com,6304940600,PUNE
Swathi Desai,swathi.desai775@example.com,6225043910,Chennai
Sowmya Gupta,sowmya.gupta694@example.com,6463361388,Chennai
Divya Nair,divya.nair968@example.com,6477309878,Chennai
Sanjay Sharma,sanjay.sharma695@example.com,9664235375,Hyderabad
Kavya Pillai,kavya.pillai722@example.com,6332650272,HYD
KARTHIK JOSHI,karthik.joshi584@example.com,7937121613,Pune
,abhishek.singh748@example.com,6874458477,Bengaluru
Srinivas Mishra,srinivas.mishra839@example.com,6225694711,Pune
Divya Saxena,divya.saxena981@example.com,9642074649,Mumbai
VIKRAM SHARMA,vikram.sharma450@example.com,8142060965,Bengaluru
neha bhat,neha.bhat716@example.com,9039969395,Bengaluru
Nandini Singh,nandini.singh885@example.com,8970932755,Hyderabad
Naveen Patel,naveen.patel110@example.com,6307444772,Chennai
Rahul Saxena,rahul.saxena316@example.com,9637006177,Hyderabad
Tejaswini Reddy,tejaswini.reddy898@example.com,7138607239,Pune
Keerthi Kumar,keerthi.kumar702@example.com,7534786611,PUNE
Vijay Sharma,,6624244141,Pune
Priya Mehta,priya.mehta646@example.com,12345,Chennai
Deepika Verma,deepika.verma228@example.com,6469066691,Pune
Tejaswini Nair,tejaswini.nair796@example.com,6920371070,Chennai
Asha Naidu,asha.naidu827@example.com,7650061219,Chennai
Swathi Kumar,swathi.kumar869@example.com,6611126038,
Lavanya Bhat,lavanya.bhat582@example.com,9929308164,Bengaluru
Rakesh Singh,rakesh.singh261@example.com,8318027932,Hyderabad
Karthik Pillai,karthik.pillai148@example.com,8096958514,Chennai
Suresh Sharma,suresh.sharma678@example.com,9116146107,Chennai
Arjun Kapoor,arjun.kapoor701@example.com,8692996436,Bengaluru
Vikram Iyer,vikram.iyer286@example.com,9572822574,
anita varma,anita.varma193@example.com,9097978891,Bengaluru
Suresh Nair,suresh.nair166@example.com,7188186485,pune
Sanjay Gupta,sanjay.gupta524@example.com,7819313420,Hyderabad
Ganesh Reddy,ganesh.reddy610@example.com,6197241652,Pune
Tejaswini Iyer,,7611613455,
Arjun Pillai,arjun.pillai91@example.com,9134973682,Chennai
DEEPIKA SHARMA,deepika.sharma310@example.com,7002802921,Bengaluru
Vikram Desai,vikram.desai959@example.com,9338660984,Chennai
Divya Varma,divya.varma497@example.com,9315432347,Delhi
Karthik Kapoor,karthik.kapoor38@example.com,7712401001,Delhi
Bhavana Desai,bhavana.desai322@example.com,6282076045,chennai
Divya Kapoor,divya.kapoor349@example.com,9183047040,Bengaluru
Keerthi Kulkarni,keerthi.kulkarni15@example.com,6159022943,Bengaluru
Sowmya Iyer,sowmya.iyer583@example.com,7865543300,Delhi
ISHITA PATEL,ishita.patel195@example.com,7716678926,Mumbai
Ramesh Agarwal,ramesh.agarwal690@example.com,9445431944,Pune
Amit Bhat,amit.bhat778@example.com,9247238900,Bengaluru
Manoj Singh,manoj.singh673@example.com,6519436003,BLR
Tejaswini Gupta,tejaswini.gupta842@example.com,7012404390,hyderabad
Vijay Varma,vijay.varma161,7480527035,Pune
Pooja Rao,pooja.rao960@example.com,6045720587,Chennai
Sneha Sharma,,9114914246,Pune
Suresh Kapoor,suresh.kapoor810@example.com,9263129947,Hyderabad
David Kapoor,david.kapoor283@example.com,7529124538,Bengaluru
Sowmya Bhat,sowmya.bhat9@example.com,7317366071,Chennai
Lakshmi Choudhary,lakshmi.choudhary182@example.com,6370032282,Pune
Varun Sharma,varun.sharma223@example.com,6646884828,Bengaluru
Ishita Das,ishita.das570@example.com,8157772708,Mumbai
Rahul Menon,rahul.menon757@example.com,9509819057,Hyderabad
Varun Pillai,varun.pillai418@example.com,9961704454,Bengaluru
Keerthi Rao,keerthi.rao730@example.com,8240522091,Chennai
Madhavi Agarwal,madhavi.agarwal544@example.com,7033328850,Bengaluru
Meena Bhat,meena.bhat845@example.com,,Bengaluru
Shalini Joshi,shalini.joshi616@example.com,,Delhi
Divya Desai,divya.desai596@example.com,7584255208,Pune
Manoj Menon,manoj.menon154@example.com,9944521170,Hyderabad
Anita Bhat,anita.bhat123@example.com,9718639158,Bengaluru
Rakesh Pillai,rakesh.pillai521@example.com,7301621154,Pune
Sneha Choudhary,sneha.choudhary101@example.com,9518088652,Hyderabad
Sanjay Kapoor,sanjay.kapoor557@example.com,6230561120,Hyderabad
Arjun Iyer,arjun.iyer894@example.com,7258941627,Chennai
Kiran Kulkarni,kiran.kulkarni307@example.com,7039640814,Hyderabad
Naveen Joshi,naveen.joshi965@example.com,9441103202,Delhi
Lavanya Choudhary,lavanya.choudhary939@example.com,7093031551,Delhi
Rahul Sharma,rahul.sharma992@example.com,6663323062,Mumbai
Arjun Kulkarni,arjun.kulkarni808@example.com,9935806300,Pune
Prakash Pillai,prakash.pillai145@example.com,6659982456,Pune
Swathi Gupta,swathi.gupta301@example.com,6414605476,Bengaluru
Manoj Kumar,manoj.kumar615@example.com,9698325509,Bengaluru
Arjun Saxena,arjun.saxena791@example.com,,Delhi
Srinivas Iyer,srinivas.iyer332@example.com,8745728677,Hyderabad
Ramesh Reddy,ramesh.reddy945@example.com,8912982327,Delhi
Meena Naidu,meena.naidu434@example.com,8434103664,Delhi
Lavanya Kumar,lavanya.kumar125@example.com,6334289424,Bengaluru
Vikram Choudhary,vikram.choudhary248,9321262957,Delhi
,ganesh.kumar257@example.com,8821724491,Hyderabad
,abhishek.kulkarni495@example.com,9193960272,MADRAS
Amit Mishra,amit.mishra541@example.com,6041978494,Bengaluru
Neha Sharma,neha.sharma196@example.com,7716987687,Bengaluru
Vijay Joshi,vijay.joshi586@example.com,8055573302,Hyderabad
Manoj Joshi,wrong-email,12345,Delhi
Lakshmi Kumar,lakshmi.kumar793@example.com,9144361290,Delhi
Kiran Mishra,kiran.mishra563@example.com,9948619169,Delhi
Madhavi Singh,madhavi.singh444@example.com,7892451905,Bengaluru
Amit Menon,amit.menon803@example.com,9385050876,Bengaluru
Varun Kulkarni,varun.kulkarni231@example.com,8059409529,Mumbai
Nandini Mishra,nandini.mishra774@example.com,8589249691,Chennai
Divya Joshi,divya.joshi780@example.com,6454355463,Delhi
Naveen Saxena,naveen.saxena176@example.com,8836946662,Pune
Rakesh Kulkarni,rakesh.kulkarni208@example.com,6569282606,Mumbai
Manoj Das,manoj.das57@example.com,7713127765,Mumbai
Lakshmi Verma,,8164715724,Hyderabad
Meena Choudhary,meena.choudhary431@example.com,7887208702,Delhi
Rakesh Kumar,rakesh.kumar206@example.com,7272677235,Chennai
Nandini Verma,nandini.verma56@example.com,9062682383,pune
Rohit Pillai,rohit.pillai644@example.com,9424320166,Mumbai
Arjun Singh,arjun.singh205@example.com,7350978307,Pune
Vikram Reddy,vikram.reddy112@example.com,6484053495,Bengaluru
Bhavana Bhat,bhavana.bhat715@example.com,6712087345,Delhi
Neha Rao,neha.rao733@example.com,9780605172,Hyderabad
SOWMYA DAS,sowmya.das964@example.com,9054990494,Mumbai
Vijay Patel,vijay.patel875@example.com,6374459606,Hyderabad
Anita Rao,anita.rao597@example.com,9037228209,Pune
Suresh Mehta,suresh.mehta567@example.com,7942045779,Bengaluru
Shalini Reddy,shalini.reddy25@example.com,8130232106,Bengaluru
Sanjay Mehta,sanjay.mehta741@example.com,7856309506,New Delhi
Rajesh Gupta,rajesh.gupta746@example.com,9989693425,Chennai
Kavya Singh,kavya.singh767@example.com,,Pune
Sneha Das,sneha.das607@example.com,9232322460,Mumbai
Sanjay Nair,sanjay.nair865@example.com,9310276939,hyderabad
Shalini Mishra,shalini.mishra410@example.com,7813198138,Chennai
Rakesh Joshi,rakesh.joshi519@example.com,6181619575,Mumbai
Priya Varma,,8313158428,Delhi
Harish Choudhary,harish.choudhary533@example.com,9852172465,Chennai
Neha Reddy,neha.reddy483@example.com,8387163148,Mumbai
Abhishek Pillai,abhishek.pillai657@example.com,7209938811,Delhi
Lakshmi Kulkarni,lakshmi.kulkarni768@example.com,9432591361,Bengaluru
Deepika Agarwal,deepika.agarwal518@example.com,8985731112,Chennai
Ganesh Gupta,ganesh.gupta222@example.com,7414478756,Pune
Amit Agarwal,amit.agarwal120@example.com,6604629588,Hyderabad
Rahul Reddy,rahul.reddy889@example.com,9604987933,Mumbai
Rahul Gupta,rahul.gupta752@example.com,7228359511,Chennai
Deepika Desai,deepika.desai426@example.com,9540762369,Delhi
Aditya Mehta,aditya.mehta667@example.com,8806939094,Hyderabad
Priya Pillai,priya.pillai305@example.com,7704278932,pune
prakash choudhary,prakash.choudhary534@example.com,abcdefghij,Pune
Rajesh Iyer,wrong-email,8075362312,Mumbai
Varun Menon,wrong-email,7249375256,Delhi
Swathi Kulkarni,swathi.kulkarni155@example.com,,Mumbai
Ramesh Das,ramesh.das848@example.com,6030670906,Bengaluru
Rohit Reddy,rohit.reddy209@example.com,8850140638,Hyderabad
Kiran Mehta,kiran.mehta158@example.com,6636612705,Delhi
Kavya Rao,kavya.rao958@example.com,6162652885,Bangalore
Amit Iyer,amit.iyer617,9289156963,Mumbai
Madhavi Verma,madhavi.verma127@example.com,8864006384,Pune
Suresh Desai,suresh.desai969@example.com,9402830783,Hyderabad
pooja pillai,pooja.pillai330@example.com,6479948605,pune
Harish Agarwal,harish.agarwal506@example.com,6423983054,Mumbai
Pooja Kulkarni,pooja.kulkarni372@example.com,8483831393,Mumbai
Madhavi Saxena,madhavi.saxena480@example.com,8743543416,MADRAS
Swathi Mehta,swathi.mehta131@example.com,7083110383,Hyderabad
Meena Sharma,meena.sharma689@example.com,7846470041,Pune
Ishita Choudhary,ishita.choudhary952@example.com,8159420007,Hyderabad
rohit mehta,rohit.mehta37@example.com,8963559683,Mumbai
Nandini Menon,nandini.menon201@example.com,7909149830,Chennai
Harish Pillai,harish.pillai749@example.com,6993565036,HYD
Bhavana Reddy,bhavana.reddy156@example.com,9664739622,Pune
Anita Singh,anita.singh899@example.com,9247710987,Mumbai
Ganesh Pillai,ganesh.pillai531@example.com,6288639250,Chennai
Srinivas Varma,srinivas.varma975@example.com,9626386298,Chennai
DAVID KUMAR,david.kumar79@example.com,8313210243,Pune
Amit Pillai,amit.pillai192@example.com,7158446925,Delhi
,divya.menon912@example.com,9077327706,Delhi
Divya Patel,divya.patel630@example.com,8093990027,Chennai
Rajesh Choudhary,rajesh.choudhary375@example.com,7252720876,Delhi
Kiran Reddy,kiran.reddy403@example.com,6585105115,HYD
Arjun Choudhary,arjun.choudhary197@example.com,7542763212,HYD
Ganesh Varma,ganesh.varma389@example.com,9032763318,Mumbai
Harish Naidu,harish.naidu406@example.com,7122106432,Chennai
Naveen Pillai,naveen.pillai823@example.com,8661202929,Pune
Asha Iyer,asha.iyer178@example.com,7503937462,Bengaluru
Varun Kumar,,7027413674,Delhi
Rahul Naidu,rahul.naidu529@example.com,9470985305,Pune
Sowmya Pillai,sowmya.pillai32@example.com,9759761364,Chennai
Abhishek Bhat,abhishek.bhat60@example.com,6921937933,Delhi
Arjun Agarwal,arjun.agarwal126@example.com,8051196262,Bengaluru
Sanjay Choudhary,,7788992718,Bengaluru
Meena Agarwal,meena.agarwal731@example.com,9775052970,Delhi
Keerthi Nair,keerthi.nair726@example.com,9650591556,Delhi
anita varma,anita.varma193@example.com,9097978891,Bengaluru
deepika rao,deepika.rao22@example.com,7154920220,Bengaluru
Neha Verma,neha.verma543@example.com,6402705958,Hyderabad
Madhavi Bhat,madhavi.bhat401@example.com,7464894046,Mumbai
Deepika Choudhary,,6749803247,Bengaluru
Lakshmi Gupta,lakshmi.gupta226@example.com,8204105765,Pune
Vijay Verma,,7500567876,Mumbai
Srinivas Singh,srinivas.singh97@example.com,9259864263,Bengaluru
Nandini Mehta,nandini.mehta654@example.com,9111528736,Pune
Rohit Rao,rohit.rao462@example.com,7619773847,Mumbai
Anita Das,anita.das448@example.com,9422263599,Mumbai
Abhishek Menon,abhishek.menon658@example.com,6890169807,PUNE
David Choudhary,david.choudhary851@example.com,6137939422,hyderabad
Ishita Mishra,ishita.mishra536@example.com,7638322063,Chennai
Sneha Bhat,,9893701910,Delhi
SNEHA NAIR,sneha.nair427@example.com,9363303418,Delhi
Naveen Menon,naveen.menon671@example.com,8721650108,Bangalore
Sanjay Mishra,sanjay.mishra843@example.com,6323326127,Chennai
Aditya Pillai,aditya.pillai887@example.com,6286876881,Delhi
manoj pillai,manoj.pillai591@example.com,,Chennai
Shalini Sharma,shalini.sharma589@example.com,8877061874,Delhi
Manoj Saxena,manoj.saxena634@example.com,6012389888,Chennai
Ishita Varma,ishita.varma935@example.com,8409537987,Mumbai
Prakash Gupta,prakash.gupta530@example.com,6113482544,
Srinivas Saxena,srinivas.saxena85@example.com,7356796684,Delhi
Varun Agarwal,varun.agarwal946@example.com,7604047849,Mumbai
Aditya Desai,aditya.desai54@example.com,6922946801,mumbai
Rahul Verma,rahul.verma686@example.com,7597439364,Chennai
Rajesh Sharma,rajesh.sharma684@example.com,abcdefghij,Bengaluru
Anita Choudhary,anita.choudhary669@example.com,7997948441,pune
Naveen Nair,naveen.nair739,6750147465,Chennai
Abhishek Mishra,abhishek.mishra872@example.com,9773540507,Mumbai
Anita Agarwal,anita.agarwal647@example.com,6902352752,Bengaluru
Karthik Mehta,karthik.mehta328@example.com,8866988666,Mumbai
Srinivas Mehta,srinivas.mehta382@example.com,8405326244,Hyderabad
vijay kumar,vijay.kumar585@example.com,9598213957,Delhi
Shalini Naidu,shalini.naidu116@example.com,8613657071,hyderabad
Ramesh Joshi,ramesh.joshi484@example.com,8972981474,Chennai
Harish Verma,harish.verma256@example.com,7973478234,Chennai
NAVEEN KULKARNI,naveen.kulkarni88@example.com,8118187373,Chennai
SWATHI VARMA,swathi.varma611@example.com,6405549014,Delhi
Sneha Iyer,sneha.iyer323@example.com,9948273072,Mumbai
Ganesh Nair,wrong-email,7840208745,Pune
Vijay Rao,vijay.rao281@example.com,7282980225,Mumbai
Pooja Desai,pooja.desai370@example.com,8225308416,Pune
Sneha Kumar,sneha.kumar87@example.com,,Chennai
Nandini Saxena,nandini.saxena553@example.com,7329569444,Chennai
Vijay Singh,vijay.singh134@example.com,7001539764,Chennai
Neha Singh,neha.singh194@example.com,9792839327,Mumbai
Rohit Verma,rohit.verma575@example.com,9448296766,Delhi
Priya Verma,priya.verma998@example.com,abcdefghij,Delhi
BHAVANA MEHTA,bhavana.mehta655@example.com,8962328116,chennai
Keerthi Choudhary,keerthi.choudhary760@example.com,9143802801,Chennai
Lavanya Menon,lavanya.menon490@example.com,9251104029,Mumbai
Karthik Iyer,karthik.iyer487@example.com,7901646357,Delhi
Lakshmi Desai,lakshmi.desai387@example.com,9527286090,Mumbai
Rahul Bhat,rahul.bhat942@example.com,9506259915,Mumbai
,manoj.rao766@example.com,7340020103,Bengaluru
Varun Rao,varun.rao73@example.com,7655129119,Delhi
Rakesh Kapoor,rakesh.kapoor211@example.com,9808394177,Bengaluru
Kavya Verma,kavya.verma514@example.com,6157638700,Mumbai
Pooja Kapoor,pooja.kapoor538@example.com,7162693527,Delhi
Anita Kapoor,anita.kapoor754@example.com,7299650151,Delhi
Anita Nair,anita.nair458@example.com,6250554992,Mumbai
Varun Joshi,varun.joshi55@example.com,6621739129,Bengaluru
,rohit.singh982@example.com,7810198129,pune
kavya kumar,kavya.kumar691@example.com,6328979804,Delhi
rakesh mishra,rakesh.mishra466@example.com,7989617308,BOMBAY
Vijay Kulkarni,vijay.kulkarni279@example.com,8716161520,Hyderabad
Rakesh Rao,rakesh.rao81@example.com,6091833985,Chennai
Karthik Saxena,karthik.saxena569@example.com,7112491488,Pune
Ishita Menon,ishita.menon571@example.com,6625946293,Chennai
Sneha Naidu,sneha.naidu363@example.com,7866111914,Hyderabad
Ishita Nair,ishita.nair528@example.com,6218375495,Hyderabad
Asha Desai,asha.desai225@example.com,8337889604,Bengaluru
Sowmya Kumar,sowmya.kumar190@example.com,7039434181,Delhi
Deepika Menon,deepika.menon313@example.com,7646885534,Pune
Asha Patel,asha.patel446@example.com,7655360335,Delhi
Harish Menon,harish.menon719@example.com,6125662059,Hyderabad
Shalini Singh,shalini.singh137@example.com,7714556627,Pune
Prakash Joshi,prakash.joshi100@example.com,6928154232,Mumbai
Amit Naidu,amit.naidu578@example.com,6605380289,Chennai
,suresh.kumar169@example.com,6317467251,Mumbai
Abhishek Choudhary,abhishek.choudhary424@example.com,9098337852,Hyderabad
Ramesh Desai,ramesh.desai836@example.com,6937600178,Mumbai
Pooja Patel,pooja.patel550@example.com,7761710605,Hyderabad
Bhavana Iyer,bhavana.iyer287@example.com,7545121859,Hyderabad
David Singh,david.singh215@example.com,6089962809,Bengaluru
Madhavi Kumar,madhavi.kumar262@example.com,6421840179,Mumbai
Varun Bhat,varun.bhat139@example.com,7132520326,Chennai
Deepika Mehta,deepika.mehta594@example.com,6731168580,Delhi
Srinivas Verma,srinivas.verma797@example.com,6553328360,HYD
Lakshmi Pillai,lakshmi.pillai241@example.com,6464369660,Pune
Asha Joshi,asha.joshi245@example.com,6156155485,chennai
Swathi Saxena,swathi.saxena358@example.com,9144066212,Pune
Madhavi Kulkarni,madhavi.kulkarni42@example.com,abcdefghij,Bengaluru
Rajesh Naidu,rajesh.naidu4@example.com,6825136647,Pune
ABHISHEK KAPOOR,abhishek.kapoor35@example.com,8817392522,Chennai
RAMESH MISHRA,ramesh.mishra236@example.com,7204251300,Pune
Naveen Patel,naveen.patel110@example.com,6307444772,Chennai
Abhishek Saxena,abhishek.saxena873@example.com,6553278045,pune
Rakesh Saxena,rakesh.saxena348@example.com,7284775585,Pune
Pooja Nair,pooja.nair652@example.com,9041006955,Bengaluru
Pooja Verma,pooja.verma290@example.com,6485182398,Delhi
Lakshmi Varma,lakshmi.varma720@example.com,9192707733,Bengaluru
Rajesh Mehta,rajesh.mehta859@example.com,9579871940,Hyderabad
Vijay Reddy,vijay.reddy255@example.com,7959982076,Mumbai
Suresh Joshi,suresh.joshi272@example.com,9641131980,Mumbai
Varun Verma,varun.verma846@example.com,7244368358,Mumbai
Vikram Menon,vikram.menon710@example.com,9510372664,Pune
Rohit Varma,rohit.varma787@example.com,6409414250,Mumbai
Nandini Bhat,nandini.bhat386@example.com,7936922452,Mumbai
Varun Singh,varun.singh540@example.com,12345,Chennai
Rahul Mishra,rahul.mishra642@example.com,6616527863,Delhi
Lakshmi Nair,lakshmi.nair923@example.com,7503702150,Delhi
Rajesh Nair,rajesh.nair664@example.com,12345,Pune
Sneha Reddy,sneha.reddy364,9836737672,Mumbai
Sanjay Reddy,sanjay.reddy883@example.com,6265256367,Delhi
Keerthi Saxena,keerthi.saxena8@example.com,9536520371,Bengaluru
Amit Rao,amit.rao656@example.com,7774337885,Pune
lavanya saxena,wrong-email,6750406087,Chennai
Tejaswini Saxena,tejaswini.saxena266@example.com,6929895896,Bengaluru
Kavya Das,kavya.das724@example.com,6211537183,
Sanjay Naidu,sanjay.naidu504@example.com,8985529190,Mumbai
Vijay Nair,vijay.nair781@example.com,6844512484,Pune
Rohit Kumar,rohit.kumar422@example.com,9778883960,Bengaluru
Manoj Mishra,manoj.mishra905@example.com,8426233778,Hyderabad
Sneha Verma,sneha.verma620@example.com,9494821557,Chennai
Sanjay Saxena,sanjay.saxena510,8117466161,Mumbai
Rakesh Iyer,rakesh.iyer191@example.com,9482914711,Mumbai
Ishita Desai,ishita.desai150@example.com,6727085720,Delhi
Madhavi Das,madhavi.das141@example.com,9203845275,Mumbai
David Kulkarni,david.kulkarni825@example.com,9257622442,chennai
Deepika Das,deepika.das835@example.com,6245782578,Pune
ADITYA SAXENA,aditya.saxena65@example.com,8907582059,HYD
Vikram Rao,vikram.rao765@example.com,8858050371,Mumbai
Ganesh Saxena,ganesh.saxena892@example.com,6960234170,delhi
david das,david.das449@example.com,7204771229,hyderabad
Aditya Naidu,aditya.naidu782@example.com,8198194180,Hyderabad
Meena Gupta,,8277910671,Delhi
Vikram Patel,vikram.patel159@example.com,8330835813,Delhi
Pooja Varma,pooja.varma963@example.com,9038405394,Pune
Nandini Agarwal,nandini.agarwal560@example.com,7056176508,Pune
Ramesh Kapoor,ramesh.kapoor400@example.com,8637780517,Delhi
neha nair,neha.nair12,6710974503,Mumbai
Kiran Bhat,kiran.bhat13,,Chennai
Varun Gupta,varun.gupta46@example.com,6943455777,Bengaluru
Deepika Varma,deepika.varma878@example.com,,Delhi
tejaswini kumar,tejaswini.kumar991@example.com,8471011394,Bengaluru
Ramesh Choudhary,ramesh.choudhary711@example.com,7977373627,Delhi
Meena Verma,meena.verma356@example.com,6926147647,Hyderabad
Arjun Sharma,arjun.sharma41@example.com,8051125830,Hyderabad
Srinivas Das,srinivas.das940@example.com,9234720166,Pune
Neha Mehta,neha.mehta903@example.com,7824804066,Mumbai
Pooja Choudhary,pooja.choudhary525@example.com,8863303160,Mumbai
Asha Nair,asha.nair345@example.com,7717475646,Chennai
Sneha Rao,sneha.rao932@example.com,6166982423,
,naveen.varma288@example.com,6820991556,Delhi
Ramesh Nair,ramesh.nair461@example.com,6812392854,Hyderabad
Sneha Kapoor,wrong-email,7092735402,
Priya Kumar,priya.kumar107@example.com,8334142737,Pune
Divya Mehta,wrong-email,7044828782,Bengaluru
Abhishek Varma,abhishek.varma698@example.com,8142042122,chennai
Nandini Kapoor,nandini.kapoor693@example.com,8435961456,
ISHITA PATEL,ishita.patel195@example.com,7716678926,Mumbai
Aditya Varma,aditya.varma344,6450908859,Chennai
Asha Choudhary,asha.choudhary36@example.com,7467435646,Bengaluru
Ramesh Iyer,ramesh.iyer941@example.com,8635355084,Mumbai
Asha Singh,asha.singh713@example.com,7142018683,Pune
Ramesh Joshi,ramesh.joshi484@example.com,8972981474,Chennai
Kavya Mishra,kavya.mishra384@example.com,9039046742,Chennai
Kiran Das,kiran.das157@example.com,6581527718,PUNE
SWATHI PILLAI,swathi.pillai151@example.com,7862106872,Chennai
Rakesh Mehta,rakesh.mehta132@example.com,9671338290,MADRAS
Rakesh Bhat,rakesh.bhat600@example.com,6753985221,New Delhi
Neha Gupta,neha.gupta649@example.com,7423783367,Hyderabad
Lavanya Verma,lavanya.verma860@example.com,6018503132,Chennai
Kavya Gupta,kavya.gupta777@example.com,,Chennai
Lakshmi Rao,lakshmi.rao321@example.com,7640797001,Mumbai
Ganesh Menon,ganesh.menon214@example.com,7412348866,Chennai
Ishita Rao,,7879343438,Delhi
NEHA PILLAI,neha.pillai277@example.com,8988248656,Delhi
Prakash Naidu,prakash.naidu978@example.com,9431237367,Mumbai
David Sharma,david.sharma888@example.com,7012074020,Mumbai
Nandini Kulkarni,nandini.kulkarni180@example.com,9178186913,Pune
Aditya Kapoor,aditya.kapoor108@example.com,8107490102,Pune
Deepika Iyer,deepika.iyer962@example.com,6133055738,Chennai
Deepika Kumar,deepika.kumar315@example.com,8905951678,Delhi
Prakash Mishra,prakash.mishra971@example.com,6057058997,
Lakshmi Bhat,lakshmi.bhat685@example.com,8438727374,delhi
Priya Naidu,priya.naidu907@example.com,12345,Delhi
Srinivas Joshi,srinivas.joshi703@example.com,6691944009,Mumbai
Anita Mehta,anita.mehta346@example.com,7812387346,Bengaluru
Aditya Kulkarni,aditya.kulkarni347@example.com,8023110128,Pune
Srinivas Sharma,srinivas.sharma454@example.com,8496719858,Bengaluru
Aditya Nair,aditya.nair95@example.com,6450013273,Chennai
Aditya Kumar,aditya.kumar788@example.com,7044475423,Pune
Ishita Gupta,ishita.gupta641@example.com,8903229558,Chennai
Swathi Choudhary,swathi.choudhary834@example.com,8643677439,Delhi
Deepika Joshi,deepika.joshi476@example.com,7616720365,Pune
Kiran Nair,kiran.nair688@example.com,abcdefghij,Chennai
Pooja Menon,pooja.menon699@example.com,8578212092,Chennai
Ganesh Bhat,ganesh.bhat743@example.com,7151657011,Mumbai
vijay pillai,vijay.pillai852@example.com,6477972635,Hyderabad
Meena Pillai,meena.pillai537@example.com,6238568535,Bengaluru
Nandini Rao,,7238716744,Hyderabad
Anita Desai,anita.desai407@example.com,7360975600,Mumbai
Bhavana Mishra,bhavana.mishra619@example.com,8688985157,MADRAS
Rajesh Rao,rajesh.rao854@example.com,8332693921,Delhi
Suresh Menon,suresh.menon603@example.com,6455015939,Pune
Shalini Bhat,shalini.bhat665@example.com,9116348315,Hyderabad
Bhavana Gupta,bhavana.gupta404@example.com,8533424873,Hyderabad
Priya Sharma,priya.sharma995@example.com,6164048527,Delhi
Keerthi Bhat,keerthi.bhat64@example.com,6014689078,Delhi
ishita verma,ishita.verma82@example.com,6991424157,Mumbai
Kavya Bhat,kavya.bhat319@example.com,8996934785,Delhi
Kiran Menon,kiran.menon868@example.com,7416276603,Delhi
Rahul Pillai,rahul.pillai573@example.com,,Delhi
Divya Pillai,divya.pillai618@example.com,6423524333,Chennai
Kiran Gupta,kiran.gupta171@example.com,9942308254,Mumbai
Madhavi Gupta,madhavi.gupta278@example.com,8590895130,Pune
Neha Naidu,neha.naidu577,6641743542,Hyderabad
Sanjay Bhat,sanjay.bhat551@example.com,7004201024,HYD
Keerthi Pillai,keerthi.pillai374@example.com,8782177496,Hyderabad
Ramesh Sharma,,6229696894,Chennai
Pooja Reddy,pooja.reddy930@example.com,7700871111,Hyderabad
Vijay Das,vijay.das587,8379899836,Bengaluru
Madhavi Mehta,madhavi.mehta638@example.com,,BLR
Kiran Rao,kiran.rao249@example.com,7653366645,Mumbai
Rakesh Agarwal,,9226422973,Hyderabad
Bhavana Saxena,bhavana.saxena303,abcdefghij,Mumbai
GANESH MEHTA,ganesh.mehta234@example.com,8183270218,Mumbai
Prakash Singh,prakash.singh559@example.com,6204757957,Mumbai
MEENA NAIR,meena.nair494@example.com,9041341029,Pune
Ishita Pillai,ishita.pillai5@example.com,9367985897,Delhi
Swathi Das,swathi.das675@example.com,9789009947,Delhi
Rajesh Patel,rajesh.patel601@example.com,7038443966,Mumbai
Nandini Patel,nandini.patel565,7551095879,Chennai
David Varma,david.varma489@example.com,6713709916,Mumbai
Kiran Naidu,kiran.naidu512@example.com,8288267727,Bengaluru
Bhavana Choudhary,bhavana.choudhary755@example.com,9729196467,Delhi
Meena Iyer,meena.iyer545@example.com,abcdefghij,Pune
Amit Verma,amit.verma623@example.com,8985155554,Mumbai
Vikram Nair,vikram.nair822@example.com,7770974558,Bengaluru
Naveen Sharma,naveen.sharma220@example.com,7580961396,Hyderabad
Naveen Choudhary,,8434397135,Delhi
Karthik Kumar,karthik.kumar918@example.com,7423753454,
Ramesh Bhat,ramesh.bhat938@example.com,6832239420,Chennai
Neha Agarwal,,6749009065,Chennai
Shalini Nair,shalini.nair786@example.com,9195571593,Mumbai
Priya Iyer,priya.iyer498@example.com,8521612324,Chennai
Lakshmi Singh,lakshmi.singh351@example.com,abcdefghij,Chennai
Suresh Bhat,,7319512535,Delhi
Tejaswini Mehta,tejaswini.mehta395@example.com,12345,Chennai
Neha Menon,neha.menon437@example.com,6003571092,Bengaluru
rajesh mishra,rajesh.mishra566@example.com,9213457171,Chennai
Keerthi Sharma,keerthi.sharma465@example.com,6541931716,Mumbai
Shalini Choudhary,shalini.choudhary456@example.com,6605798917,Bengaluru
Nandini Nair,nandini.nair653@example.com,7810217771,Hyderabad
Shalini Verma,shalini.verma342@example.com,8405786521,Mumbai
Neha Kulkarni,neha.kulkarni181@example.com,7104399627,Delhi
Arjun Naidu,,7067357834,Pune
Lakshmi Agarwal,lakshmi.agarwal987@example.com,9219173706,Pune
Kiran Kapoor,kiran.kapoor849@example.com,6419882624,Mumbai
Divya Rao,divya.rao327@example.com,8949345857,Mumbai
Keerthi Mehta,keerthi.mehta66@example.com,12345,
Meena Mishra,meena.mishra828@example.com,7724117620,Hyderabad
prakash saxena,prakash.saxena170@example.com,9242248003,Chennai
Asha Verma,asha.verma770@example.com,9239756285,PUNE
Arjun Varma,arjun.varma736@example.com,6185462639,Mumbai
Anita Saxena,anita.saxena371@example.com,7767012123,Delhi
Meena Kumar,meena.kumar10@example.com,8271744046,Chennai
Deepika Gupta,deepika.gupta784@example.com,9688957873,Mumbai
Ishita Joshi,ishita.joshi539@example.com,9100297871,Hyderabad
Abhishek Verma,abhishek.verma179@example.com,9787539836,Bengaluru
Madhavi Mishra,madhavi.mishra929@example.com,7345491319,Pune
Vijay Kapoor,vijay.kapoor956@example.com,7282451456,Delhi
Aditya Iyer,aditya.iyer164@example.com,6104039827,Bengaluru
Abhishek Kumar,abhishek.kumar590@example.com,6588473865,Chennai
Swathi Reddy,swathi.reddy972@example.com,7443084023,Chennai
Srinivas Naidu,srinivas.naidu532@example.com,9028318295,Hyderabad
Rohit Iyer,rohit.iyer218@example.com,9602896668,Mumbai
Rajesh Verma,rajesh.verma785@example.com,9169073262,Pune
Rakesh Sharma,rakesh.sharma592@example.com,8138540377,Bengaluru
Vikram Kapoor,wrong-email,9387284229,Chennai
Abhishek Patel,abhishek.patel853@example.com,6818538034,hyderabad
Swathi Singh,swathi.singh662@example.com,7044384902,delhi
Abhishek Desai,abhishek.desai94@example.com,7709594711,Bengaluru
Vijay Agarwal,vijay.agarwal309@example.com,9113688155,Hyderabad
David Iyer,david.iyer993@example.com,8014079430,Mumbai
Kiran Agarwal,kiran.agarwal547@example.com,6108793045,Bengaluru
Lavanya Mishra,lavanya.mishra804@example.com,8849466479,Delhi
Karthik Naidu,karthik.naidu111@example.com,6232974466,Pune
Swathi Desai,swathi.desai775@example.com,6225043910,Chennai
lavanya reddy,lavanya.reddy740@example.com,9584323065,Mumbai
Neha Kapoor,neha.kapoor805@example.com,abcdefghij,Mumbai
Anita Naidu,anita.naidu900@example.com,8017542180,Chennai
Pooja Sharma,pooja.sharma121@example.com,8527424710,Bengaluru
Pooja Gupta,pooja.gupta663@example.com,6767009087,Delhi
David Bhat,david.bhat143@example.com,6492272157,Bengaluru
Amit Mehta,amit.mehta396@example.com,8271138522,Bengaluru
Karthik Kulkarni,karthik.kulkarni296@example.com,7078807740,Mumbai
aditya sharma,aditya.sharma377@example.com,8653146669,Pune
Karthik Verma,karthik.verma820@example.com,8796076204,Mumbai
Bhavana Kumar,bhavana.kumar513@example.com,8012306849,Hyderabad
Keerthi Iyer,keerthi.iyer336@example.com,6803174128,Mumbai
Pooja Mehta,pooja.mehta857@example.com,12345,Chennai
Ganesh Sharma,ganesh.sharma457@example.com,9047134067,Bengaluru
Madhavi Choudhary,madhavi.choudhary687@example.com,9154773827,Delhi
Abhishek Mehta,abhishek.mehta949@example.com,9042967985,Chennai
Ganesh Agarwal,ganesh.agarwal177@example.com,9603566891,Chennai
Sowmya Nair,sowmya.nair232@example.com,8441476604,Chennai
deepika reddy,deepika.reddy302@example.com,6103321140,Mumbai
ADITYA JOSHI,aditya.joshi735@example.com,8485533395,Bengaluru
Prakash Varma,prakash.varma753@example.com,8925797172,Delhi
Nandini Singh,nandini.singh885@example.com,8970932755,Hyderabad
Neha Desai,neha.desai668@example.com,6342089457,Delhi
Deepika Bhat,deepika.bhat832@example.com,12345,Bengaluru
KAVYA DESAI,kavya.desai451@example.com,6247045940,Hyderabad
Swathi Sharma,swathi.sharma919@example.com,8033875041,Chennai
Nandini Kumar,nandini.kumar186@example.com,8725959416,Hyderabad
Ishita Saxena,ishita.saxena750@example.com,8469408101,Pune
Keerthi Das,keerthi.das659@example.com,7284449732,Bengaluru
Swathi Verma,swathi.verma460@example.com,9630367647,bengaluru
SANJAY KULKARNI,,8515197064,Hyderabad
Rohit Saxena,rohit.saxena341@example.com,8868971091,Chennai
Naveen Bhat,naveen.bhat69@example.com,7669826686,Pune
Lakshmi Das,lakshmi.das343@example.com,6957263981,Delhi
Prakash Patel,prakash.patel933@example.com,7738233660,Bengaluru
ANITA MISHRA,,9768055246,New Delhi
Harish Desai,harish.desai522@example.com,6450649021,Delhi
Rahul Singh,rahul.singh886@example.com,8612096321,Hyderabad
Manoj Verma,manoj.verma882@example.com,6483229886,Chennai
Naveen Singh,naveen.singh167@example.com,9102897823,Bengaluru
Meena Varma,meena.varma660@example.com,7412440408,Hyderabad
NANDINI DAS,nandini.das866@example.com,7818197049,Delhi
Ramesh Kulkarni,ramesh.kulkarni14@example.com,6594240591,Mumbai
Pooja Das,pooja.das815@example.com,6438141033,Pune
Arjun Desai,arjun.desai633@example.com,9840993605,New Delhi
Amit Desai,amit.desai841@example.com,9986180656,Bengaluru
Aditya Reddy,aditya.reddy224@example.com,7136198597,Bangalore
RAJESH DESAI,rajesh.desai799@example.com,9827355386,Mumbai
Ganesh Singh,ganesh.singh239@example.com,6063238674,Mumbai
VIKRAM SINGH,vikram.singh756@example.com,7590831979,Delhi
Deepika Naidu,,6892074440,Bengaluru
Shalini Agarwal,shalini.agarwal229@example.com,8031866827,Delhi
Harish Kulkarni,harish.kulkarni581@example.com,,Chennai
Ramesh Menon,ramesh.menon745@example.com,8024394741,Hyderabad
Divya Verma,divya.verma268@example.com,6984209073,Mumbai
,rohit.choudhary353@example.com,7021850218,Mumbai
Vikram Bhat,vikram.bhat445@example.com,,Mumbai
Prakash Agarwal,prakash.agarwal794@example.com,9579266100,Pune
Prakash Rao,prakash.rao631@example.com,6821142270,Delhi
Pooja Joshi,pooja.joshi130@example.com,12345,Hyderabad
Harish Singh,harish.singh826@example.com,12345,Delhi
Rohit Joshi,rohit.joshi595@example.com,9770217172,Chennai
Vikram Joshi,vikram.joshi692@example.com,9101576506,Chennai
SOWMYA DESAI,sowmya.desai937@example.com,8819925834,Delhi
manoj varma,manoj.varma398@example.com,9611258798,Bengaluru
RAHUL NAIR,rahul.nair68@example.com,7809205880,Chennai
abhishek gupta,abhishek.gupta986@example.com,6014573192,Bangalore
Madhavi Menon,madhavi.menon463@example.com,8707580054,Pune
Kiran Sharma,kiran.sharma558@example.com,7673968454,Hyderabad
Vikram Mehta,vikram.mehta871@example.com,9248476099,Mumbai
SWATHI IYER,swathi.iyer298@example.com,7272356079,Mumbai
Srinivas Pillai,srinivas.pillai408@example.com,abcdefghij,Mumbai
Kiran Kumar,kiran.kumar242@example.com,8764274278,Hyderabad
Lavanya Kapoor,lavanya.kapoor985@example.com,7905551366,delhi
Deepika Patel,deepika.patel705@example.com,7713676118,Chennai
Shalini Kapoor,shalini.kapoor737@example.com,8718546042,Delhi
Swathi Agarwal,swathi.agarwal477@example.com,7391195271,Mumbai
Shalini Iyer,shalini.iyer666@example.com,9486807310,Hyderabad
DEEPIKA SAXENA,deepika.saxena897@example.com,6235990738,Bengaluru
Aditya Rao,aditya.rao700@example.com,9294846550,Chennai
Vijay Desai,vijay.desai455@example.com,6856720696,Bengaluru
Pooja Bhat,pooja.bhat435,6772297488,Hyderabad
Amit Sharma,amit.sharma606@example.com,8167227332,Bengaluru
Ramesh Kumar,ramesh.kumar636@example.com,7972310556,Chennai
Manoj Kapoor,manoj.kapoor838@example.com,8145335978,Mumbai
Naveen Agarwal,naveen.agarwal680@example.com,9799287928,Chennai
Divya Gupta,divya.gupta572@example.com,6034919915,Chennai
Varun Desai,varun.desai49@example.com,8860932722,Bengaluru
Lakshmi Iyer,lakshmi.iyer744@example.com,8776033905,Delhi
TEJASWINI MENON,tejaswini.menon417@example.com,7309230963,Hyderabad
Lavanya Naidu,lavanya.naidu394@example.com,9966507615,MADRAS
Harish Gupta,harish.gupta203@example.com,9738216480,Pune
Ramesh Singh,ramesh.singh732@example.com,6575040214,Bengaluru
Abhishek Nair,abhishek.nair564@example.com,9024825521,Delhi
Suresh Pillai,suresh.pillai118@example.com,8427350102,Pune
Asha Kumar,asha.kumar447@example.com,7290697729,
Rajesh Agarwal,rajesh.agarwal317@example.com,9782514567,Delhi
Sanjay Singh,sanjay.singh71@example.com,9308283517,Bengaluru
Ishita Agarwal,ishita.agarwal320@example.com,,Chennai
Anita Patel,anita.patel379@example.com,6888567346,Bengaluru
Suresh Varma,suresh.varma21@example.com,9720555310,Hyderabad
Rahul Kumar,rahul.kumar470@example.com,8524449171,Chennai
priya das,priya.das210@example.com,6817120249,Pune
Suresh Mishra,suresh.mishra267@example.com,6139552847,Mumbai
Rohit Nair,rohit.nair576@example.com,7473736283,MADRAS
meena das,meena.das837@example.com,7893616009,Delhi
Arjun Menon,arjun.menon98@example.com,7593939754,Mumbai
Keerthi Desai,keerthi.desai90@example.com,12345,Hyderabad
Priya Nair,priya.nair172@example.com,6365547330,Hyderabad
Bhavana Rao,bhavana.rao471@example.com,8403580743,Mumbai
vikram gupta,vikram.gupta474@example.com,6592708656,Delhi
Rohit Naidu,rohit.naidu273@example.com,,Mumbai
Arjun Patel,arjun.patel329@example.com,6278794979,Pune
Lavanya Patel,lavanya.patel621@example.com,8809939388,Hyderabad
Keerthi Patel,keerthi.patel33@example.com,7304991098,Pune
Rohit Kapoor,rohit.kapoor637@example.com,9765522191,Pune
Madhavi Nair,madhavi.nair503@example.com,9295594292,pune
Lavanya Das,lavanya.das183@example.com,7136522048,Delhi
Keerthi Menon,keerthi.menon769@example.com,12345,Mumbai
Divya Choudhary,divya.choudhary99@example.com,6051011556,Chennai
Harish Das,harish.das509@example.com,8541314204,Pune
Bhavana Pillai,bhavana.pillai23@example.com,6444703432,Delhi
ARJUN BHAT,arjun.bhat605@example.com,9252951570,Pune
Priya Menon,priya.menon39@example.com,7274696378,Pune
David Agarwal,david.agarwal645@example.com,8539482536,Mumbai
David Mehta,david.mehta96@example.com,8557136377,Bengaluru
Madhavi Joshi,madhavi.joshi354@example.com,12345,Hyderabad
Bhavana Kapoor,bhavana.kapoor548@example.com,8393400227,Delhi
Vikram Kumar,vikram.kumar265@example.com,7290719893,Chennai
Varun Mishra,varun.mishra340@example.com,6044450685,Delhi
Priya Patel,priya.patel420@example.com,6037956223,Pune
,ganesh.mishra86@example.com,8802986380,Pune
Pooja Desai,pooja.desai370@example.com,8225308416,Pune
Suresh Verma,suresh.verma727@example.com,6675029146,Hyderabad
Meena Reddy,meena.reddy270@example.com,12345,Chennai
Priya Reddy,priya.reddy419@example.com,6343016234,Chennai
Swathi Mishra,swathi.mishra402@example.com,9861108703,Bengaluru
Priya Choudhary,priya.choudhary734@example.com,7206505718,Pune
Shalini Pillai,,8514306572,Hyderabad
Nandini Choudhary,nandini.choudhary34@example.com,8701116270,Delhi
Harish Mishra,harish.mishra790@example.com,9146615136,Pune
Swathi Patel,swathi.patel708@example.com,8124293776,Bengaluru
Rahul Kapoor,rahul.kapoor433@example.com,8236904924,Mumbai
Bhavana Sharma,bhavana.sharma216@example.com,9149204056,Pune
Priya Rao,priya.rao977@example.com,7805410087,HYD
srinivas menon,srinivas.menon365@example.com,7787577260,Chennai
Naveen Mishra,wrong-email,9209134545,Mumbai
Kiran Iyer,,7062430247,Bengaluru
Asha Pillai,asha.pillai974@example.com,6061233275,Delhi
Aditya Das,aditya.das70@example.com,9438053083,Mumbai
Suresh Patel,suresh.patel602@example.com,8738024607,Bengaluru
Asha Gupta,wrong-email,9459205235,Chennai
Aditya Agarwal,aditya.agarwal20@example.com,7606333271,Hyderabad
Nandini Naidu,nandini.naidu580@example.com,9051163149,Delhi
Suresh Reddy,suresh.reddy501@example.com,7748904275,Bengaluru
Prakash Iyer,prakash.iyer189@example.com,6317390480,Delhi
sowmya choudhary,sowmya.choudhary113@example.com,7562401269,Chennai
Ganesh Kulkarni,ganesh.kulkarni308@example.com,7082434468,Hyderabad
Shalini Rao,shalini.rao479@example.com,abcdefghij,Chennai
Sowmya Kulkarni,sowmya.kulkarni253@example.com,7491672397,Chennai
Varun Das,varun.das335@example.com,9760420267,Chennai
Srinivas Bhat,srinivas.bhat996@example.com,7444920796,Chennai
Ishita Mehta,ishita.mehta44@example.com,7733323698,Pune
Manoj Patel,manoj.patel911@example.com,8627624062,Delhi
Vikram Verma,vikram.verma833@example.com,8858882214,Pune
Ishita Kumar,ishita.kumar984@example.com,7920824830,Hyderabad
Bhavana Kulkarni,bhavana.kulkarni67@example.com,9356757199,
Pooja Agarwal,pooja.agarwal162@example.com,9619849502,Pune
Rajesh Reddy,rajesh.reddy725@example.com,7840089377,bengaluru
Bhavana Verma,bhavana.verma957@example.com,6775398817,Bengaluru
Ramesh Varma,ramesh.varma677@example.com,6457730781,Pune
Asha Mishra,asha.mishra830@example.com,8108333615,Chennai
Swathi Naidu,swathi.naidu789@example.com,7966789545,Chennai
AMIT DAS,amit.das707@example.com,9961145709,Pune
Kiran Varma,kiran.varma904@example.com,9803414109,Pune
Suresh Gupta,suresh.gupta801@example.com,8520031402,Hyderabad
Amit Patel,amit.patel392,8674039918,Hyderabad
Ganesh Kapoor,ganesh.kapoor527@example.com,9151478989,Delhi
Nandini Desai,nandini.desai764@example.com,9413429290,Bengaluru
Anita Sharma,anita.sharma909@example.com,9474959015,Bengaluru
Prakash Desai,prakash.desai926@example.com,9148684992,Delhi
Neha Choudhary,neha.choudhary140@example.com,7205925343,Bengaluru
KIRAN VERMA,wrong-email,8189868718,Bengaluru
SANJAY MENON,sanjay.menon80@example.com,9928892325,Bengaluru
Nandini Joshi,nandini.joshi535@example.com,6561363209,Hyderabad
Sneha Agarwal,sneha.agarwal59@example.com,6490356754,BOMBAY
Vikram Saxena,vikram.saxena614@example.com,abcdefghij,Pune
anita kulkarni,anita.kulkarni366@example.com,7295023287,Bengaluru
srinivas kapoor,srinivas.kapoor289@example.com,9267212081,Chennai
Lakshmi Menon,lakshmi.menon994@example.com,6755319401,Chennai
Tejaswini Das,,7785164346,Hyderabad
Vijay Saxena,vijay.saxena260@example.com,9766880256,
Pooja Kumar,pooja.kumar312@example.com,7814829876,Delhi
Naveen Gupta,naveen.gupta672@example.com,8855353386,Delhi
Tejaswini Choudhary,tejaswini.choudhary217@example.com,9699521026,Pune
Vijay Mehta,vijay.mehta292@example.com,7318544283,Bengaluru
Bhavana Das,bhavana.das227@example.com,6877567513,Bengaluru
Asha Bhat,asha.bhat468@example.com,9897848703,Hyderabad
Rakesh Das,rakesh.das50@example.com,12345,Chennai
Kavya Menon,kavya.menon153@example.com,8468809614,Chennai
nandini gupta,nandini.gupta650@example.com,12345,Pune
Rajesh Das,rajesh.das934@example.com,7209198767,Mumbai
Sneha Kulkarni,sneha.kulkarni482@example.com,7634882300,Pune
Sowmya Joshi,sowmya.joshi293@example.com,8340527349,Delhi
RAJESH JOSHI,rajesh.joshi516@example.com,8247394061,Hyderabad
Kiran Saxena,kiran.saxena961@example.com,12345,Bengaluru
Rakesh Choudhary,rakesh.choudhary246@example.com,9620217279,Bengaluru
Arjun Mehta,arjun.mehta297@example.com,7333558058,Delhi
Sneha Varma,sneha.varma250@example.com,12345,Delhi
Priya Gupta,priya.gupta951@example.com,7076797951,Chennai
Srinivas Mishra,srinivas.mishra839@example.com,6225694711,Pune
Pooja Saxena,pooja.saxena352@example.com,8818969486,Mumbai
rakesh naidu,rakesh.naidu362@example.com,7740767037,Hyderabad
Deepika Pillai,deepika.pillai661@example.com,7351403799,Mumbai
Sowmya Sharma,sowmya.sharma414@example.com,6255943991,Bengaluru
Rakesh Gupta,rakesh.gupta464@example.com,12345,Bengaluru
Shalini Kulkarni,shalini.kulkarni48@example.com,7386396344,Delhi
RAJESH KULKARNI,rajesh.kulkarni117@example.com,9997815253,Pune
Arjun Mishra,arjun.mishra202,9492297398,Bengaluru
Vikram Agarwal,vikram.agarwal763@example.com,12345,Bengaluru
Vijay Mishra,vijay.mishra18@example.com,9113104728,Mumbai
Lakshmi Reddy,lakshmi.reddy829@example.com,7264242649,Delhi
Ganesh Naidu,ganesh.naidu625@example.com,8014691000,Pune
Kavya Naidu,kavya.naidu325@example.com,9956545733,Bengaluru
Tejaswini Desai,tejaswini.desai26@example.com,8800082792,Chennai
Sanjay Varma,sanjay.varma295,6521181520,Bengaluru
Divya Mishra,divya.mishra817@example.com,8559575489,Hyderabad
Varun Pillai,varun.pillai418@example.com,9961704454,Bengaluru
Karthik Desai,karthik.desai917,7964630916,Hyderabad
Pooja Mishra,pooja.mishra624@example.com,8949389330,Pune
PRAKASH NAIR,prakash.nair136@example.com,8809077764,Mumbai
Sanjay Agarwal,sanjay.agarwal609@example.com,7960005447,Pune
Rakesh Patel,rakesh.patel776@example.com,12345,Delhi
Sanjay Das,sanjay.das762@example.com,9731275667,Bengaluru
Meena Kapoor,meena.kapoor481@example.com,8941333101,Hyderabad
,priya.desai28@example.com,9944249029,Delhi
Deepika Singh,deepika.singh718@example.com,7479248504,Bengaluru
Harish Kapoor,harish.kapoor439@example.com,8506946790,Delhi
Nandini Sharma,nandini.sharma643@example.com,6396678488,Hyderabad
Lakshmi Mishra,lakshmi.mishra29@example.com,8445137718,Bengaluru
Sanjay Verma,sanjay.verma973@example.com,7168807294,BLR
Kavya Agarwal,kavya.agarwal966@example.com,7162864930,Pune
Amit Saxena,amit.saxena436@example.com,6245457929,Mumbai
Rahul Rao,rahul.rao413@example.com,8308531767,Bengaluru
Divya Reddy,divya.reddy629@example.com,9328915065,Hyderabad
David Patel,david.patel542@example.com,7748210107,Bengaluru
Naveen Naidu,naveen.naidu334@example.com,8436763764,Delhi
Sanjay Kumar,sanjay.kumar78@example.com,6174052544,PUNE
Naveen Iyer,naveen.iyer953@example.com,6083450061,Delhi
Srinivas Patel,srinivas.patel795@example.com,8431385066,Pune
David Verma,david.verma391@example.com,9801433812,Mumbai
Abhishek Agarwal,abhishek.agarwal258@example.com,7819079003,Chennai
